[{"model": "Users.role", "pk": 1, "fields": {"name": "Team Member", "permissions": []}}, {"model": "Users.role", "pk": 2, "fields": {"name": "Admin", "permissions": []}}, {"model": "Users.role", "pk": 3, "fields": {"name": "Manager", "permissions": []}}, {"model": "Users.user", "pk": 2, "fields": {"password": "pbkdf2_sha256$600000$FT0I0MdZpEzx0bJZwpQ87V$bacOKHBvs5CwcDWJ1PkGkznH1BtxtQQ8iQYG5UMdMKQ=", "last_login": "2025-04-02T06:38:46.671Z", "is_superuser": true, "username": "njoro", "first_name": "", "last_name": "", "email": "wchegesalome@gmail.com", "is_staff": true, "is_active": true, "date_joined": "2025-02-17T05:39:43.557Z", "roles": [1, 2], "groups": [], "user_permissions": []}}, {"model": "Users.user", "pk": 4, "fields": {"password": "pbkdf2_sha256$600000$Hhw7H6voHyPOO6OlJrsKY9$D9R6Ob+FQuCCK0DBuVdiWDMTm91Xw1YC350excsITJ4=", "last_login": "2025-03-06T09:24:43.918Z", "is_superuser": false, "username": "Wakoli", "first_name": "", "last_name": "", "email": "hey223033@gmail.com", "is_staff": false, "is_active": true, "date_joined": "2025-03-05T07:06:42.479Z", "roles": [2], "groups": [], "user_permissions": []}}, {"model": "Users.user", "pk": 5, "fields": {"password": "pbkdf2_sha256$600000$uutm60aJF9k98KG9Kdb01D$6imCNlKyoiXOmJGknB6tF9//PJfgNJOyUn8J52mK+4I=", "last_login": "2025-03-26T08:51:48.220Z", "is_superuser": false, "username": "peter", "first_name": "", "last_name": "", "email": "peter@gmail.com", "is_staff": false, "is_active": true, "date_joined": "2025-03-06T09:45:18.256Z", "roles": [2], "groups": [], "user_permissions": []}}, {"model": "Users.user", "pk": 6, "fields": {"password": "pbkdf2_sha256$600000$BcXYdJdmpFoGAhYeKFCJcv$5e9b4JIVhKobrbLCmHGUsCNmJMVkbylHSUjJMR9G79E=", "last_login": "2025-03-20T09:17:36.591Z", "is_superuser": false, "username": "TestUser2", "first_name": "", "last_name": "", "email": "testuser2@gmail.com", "is_staff": false, "is_active": true, "date_joined": "2025-03-06T09:52:06.234Z", "roles": [2], "groups": [], "user_permissions": []}}, {"model": "Users.user", "pk": 7, "fields": {"password": "pbkdf2_sha256$600000$QgmC6bbLxgirq879FCZgnE$zJOCzGDXGffSBWfJ3OWgNRVmjsOyJZwGDo+zMf1G84I=", "last_login": "2025-03-25T19:41:01.580Z", "is_superuser": false, "username": "merc", "first_name": "", "last_name": "", "email": "merc@gmail.com", "is_staff": false, "is_active": true, "date_joined": "2025-03-25T19:40:19.295Z", "roles": [], "groups": [], "user_permissions": []}}, {"model": "projects.project", "pk": 3, "fields": {"name": "Preoject Test", "project_description": "Project Test Description", "created_by": 2, "created_at": "2025-02-17T09:16:49.926Z", "updated_at": "2025-02-17T09:16:49.926Z", "deadline": "2025-04-05"}}, {"model": "projects.project", "pk": 4, "fields": {"name": "Project A", "project_description": "A description", "created_by": 2, "created_at": "2025-02-19T10:58:11.439Z", "updated_at": "2025-02-19T10:58:11.440Z", "deadline": "2025-04-05"}}, {"model": "projects.project", "pk": 6, "fields": {"name": "Project PN", "project_description": "Project PN Description", "created_by": 2, "created_at": "2025-03-03T14:04:44.888Z", "updated_at": "2025-03-03T14:04:44.888Z", "deadline": "2025-04-17"}}, {"model": "projects.project", "pk": 7, "fields": {"name": "zxcvbn", "project_description": "zfcgh", "created_by": 2, "created_at": "2025-03-06T09:00:57.283Z", "updated_at": "2025-03-06T09:00:57.283Z", "deadline": "2025-03-25"}}, {"model": "projects.project", "pk": 8, "fields": {"name": "Develop ERP System", "project_description": "qwertyuio", "created_by": 4, "created_at": "2025-03-06T09:26:02.713Z", "updated_at": "2025-03-06T09:26:02.713Z", "deadline": "2025-03-21"}}, {"model": "projects.project", "pk": 9, "fields": {"name": "Website Redesign", "project_description": "A complete redesign of the company website", "created_by": 5, "created_at": "2025-03-06T09:46:28.729Z", "updated_at": "2025-03-06T09:46:28.729Z", "deadline": "2025-05-01"}}, {"model": "projects.project", "pk": 10, "fields": {"name": "Mobile App Development", "project_description": "Development of a mobile application for the company.", "created_by": 6, "created_at": "2025-03-06T09:53:36.142Z", "updated_at": "2025-03-06T09:53:36.142Z", "deadline": "2025-05-01"}}, {"model": "projects.project", "pk": 11, "fields": {"name": "Project A", "project_description": "Description for the project", "created_by": 5, "created_at": "2025-03-06T11:07:43.567Z", "updated_at": "2025-03-06T11:07:43.567Z", "deadline": "2025-04-05"}}, {"model": "projects.project", "pk": 12, "fields": {"name": "my first project", "project_description": "my first description", "created_by": 5, "created_at": "2025-03-06T12:04:44.114Z", "updated_at": "2025-03-06T12:04:44.114Z", "deadline": "2025-04-05"}}, {"model": "projects.task", "pk": 2, "fields": {"project": 3, "assigned_to": 2, "title": "Test Task 1", "task_description": "Test Task 1 Description", "status": "Completed", "priority": "Medium", "start_date": "2025-02-18", "due_date": "2025-02-20", "created_at": "2025-02-17T09:17:38.038Z", "updated_at": "2025-03-05T07:05:14.667Z"}}, {"model": "projects.task", "pk": 3, "fields": {"project": 3, "assigned_to": 2, "title": "Task 300", "task_description": "Task 300 description", "status": "Completed", "priority": "Medium", "start_date": "2025-02-19", "due_date": "2025-02-21", "created_at": "2025-02-17T09:47:19.007Z", "updated_at": "2025-03-30T13:29:52.122Z"}}, {"model": "projects.task", "pk": 4, "fields": {"project": 3, "assigned_to": 2, "title": "Task 300", "task_description": "Task 300 description", "status": "To Do", "priority": "Medium", "start_date": "2025-02-19", "due_date": "2025-02-21", "created_at": "2025-02-17T09:48:18.154Z", "updated_at": "2025-03-30T16:52:57.966Z"}}, {"model": "projects.task", "pk": 5, "fields": {"project": 3, "assigned_to": 2, "title": "task f", "task_description": "task f description", "status": "To Do", "priority": "Medium", "start_date": "2025-02-24", "due_date": "2025-02-27", "created_at": "2025-02-19T10:29:48.644Z", "updated_at": "2025-03-30T18:21:39.600Z"}}, {"model": "projects.task", "pk": 6, "fields": {"project": 4, "assigned_to": 2, "title": "Task A", "task_description": "Task A description", "status": "Completed", "priority": "Low", "start_date": "2025-02-25", "due_date": "2025-03-08", "created_at": "2025-02-19T10:58:49.125Z", "updated_at": "2025-03-06T09:06:21.149Z"}}, {"model": "projects.task", "pk": 7, "fields": {"project": 4, "assigned_to": 2, "title": "Task G38", "task_description": "Task G38 Description", "status": "In Progress", "priority": "Medium", "start_date": "2025-02-24", "due_date": "2025-02-28", "created_at": "2025-02-19T11:29:34.426Z", "updated_at": "2025-03-30T16:53:56.243Z"}}, {"model": "projects.task", "pk": 8, "fields": {"project": 3, "assigned_to": 2, "title": "tak yyyyy", "task_description": "yyyyyyyyyyyyyyy", "status": "In Progress", "priority": "Medium", "start_date": null, "due_date": null, "created_at": "2025-02-19T11:51:50.354Z", "updated_at": "2025-03-30T16:53:35.571Z"}}, {"model": "projects.task", "pk": 12, "fields": {"project": 6, "assigned_to": 2, "title": "Task PN", "task_description": "Describe the task", "status": "In Progress", "priority": "High", "start_date": "2025-03-17", "due_date": "2025-03-21", "created_at": "2025-03-03T14:05:46.739Z", "updated_at": "2025-03-30T16:53:37.793Z"}}, {"model": "projects.task", "pk": 13, "fields": {"project": 8, "assigned_to": 4, "title": "qwert", "task_description": "qwertyuio", "status": "Completed", "priority": "High", "start_date": "2025-03-07", "due_date": "2025-03-08", "created_at": "2025-03-06T09:29:05.335Z", "updated_at": "2025-03-06T09:29:20.859Z"}}, {"model": "projects.task", "pk": 14, "fields": {"project": 9, "assigned_to": 5, "title": "Design Homepage", "task_description": "Design the homepage layout and UI elements", "status": "Completed", "priority": "High", "start_date": "2025-03-10", "due_date": "2025-03-14", "created_at": "2025-03-06T09:49:10.677Z", "updated_at": "2025-03-06T11:12:26.358Z"}}, {"model": "projects.task", "pk": 15, "fields": {"project": 9, "assigned_to": 5, "title": "Homepage UI Testing", "task_description": "Test the homepage layout for usability", "status": "In Progress", "priority": "Low", "start_date": "2025-03-17", "due_date": "2025-03-21", "created_at": "2025-03-06T09:50:53.799Z", "updated_at": "2025-03-21T10:23:12.732Z"}}, {"model": "projects.task", "pk": 16, "fields": {"project": 10, "assigned_to": 6, "title": "Implement Mobile Login", "task_description": "Implement the login functionality for the mobile app.", "status": "To Do", "priority": "Medium", "start_date": "2025-03-10", "due_date": "2025-03-14", "created_at": "2025-03-06T09:56:02.984Z", "updated_at": "2025-03-06T09:56:02.984Z"}}, {"model": "projects.task", "pk": 17, "fields": {"project": 10, "assigned_to": 6, "title": "Integrate Push Notifications", "task_description": "Integrate push notifications feature for the mobile app.", "status": "In Progress", "priority": "High", "start_date": "2025-03-03", "due_date": "2025-03-15", "created_at": "2025-03-06T09:58:53.337Z", "updated_at": "2025-03-06T09:58:53.337Z"}}, {"model": "projects.task", "pk": 18, "fields": {"project": 11, "assigned_to": 5, "title": "task A", "task_description": "description", "status": "To Do", "priority": "Medium", "start_date": "2025-03-10", "due_date": "2025-03-14", "created_at": "2025-03-06T11:08:37.779Z", "updated_at": "2025-03-30T16:49:19.730Z"}}, {"model": "projects.task", "pk": 19, "fields": {"project": 4, "assigned_to": 5, "title": "task b", "task_description": "task b description", "status": "Completed", "priority": "Medium", "start_date": "2025-03-11", "due_date": "2025-03-13", "created_at": "2025-03-06T11:11:46.559Z", "updated_at": "2025-03-30T13:16:41.052Z"}}, {"model": "projects.task", "pk": 20, "fields": {"project": 12, "assigned_to": 5, "title": "create a todo list", "task_description": "frist task descrition", "status": "Completed", "priority": "High", "start_date": "2025-03-10", "due_date": "2025-03-14", "created_at": "2025-03-06T12:06:09.881Z", "updated_at": "2025-03-06T12:06:44.081Z"}}, {"model": "projects.task", "pk": 21, "fields": {"project": 3, "assigned_to": 2, "title": "tasd dd", "task_description": "description", "status": "To Do", "priority": "Medium", "start_date": "2025-03-31", "due_date": "2025-04-05", "created_at": "2025-03-30T13:46:11.419Z", "updated_at": "2025-03-30T13:46:11.419Z"}}, {"model": "projects.comment", "pk": 1, "fields": {"task": 4, "author": 2, "content": "@yvone could you do this for me pleas\n", "created_at": "2025-02-22T20:00:16.599Z", "mentions": []}}, {"model": "projects.comment", "pk": 2, "fields": {"task": 4, "author": 2, "content": "@yvone could you do this for me pleas\n", "created_at": "2025-02-22T20:00:18.945Z", "mentions": []}}, {"model": "projects.comment", "pk": 3, "fields": {"task": 4, "author": 2, "content": "@chege could you work on this", "created_at": "2025-02-22T20:00:44.160Z", "mentions": []}}, {"model": "projects.comment", "pk": 4, "fields": {"task": 7, "author": 2, "content": "@yvone this should be done!", "created_at": "2025-02-22T20:32:44.978Z", "mentions": []}}, {"model": "projects.comment", "pk": 5, "fields": {"task": 4, "author": 2, "content": "@njoro how are you", "created_at": "2025-02-26T19:31:54.013Z", "mentions": [2]}}, {"model": "projects.comment", "pk": 34, "fields": {"task": 3, "author": 2, "content": "@njoro ", "created_at": "2025-03-03T13:23:54.359Z", "mentions": [2]}}, {"model": "projects.comment", "pk": 35, "fields": {"task": 18, "author": 5, "content": "@peter", "created_at": "2025-03-06T11:09:35.246Z", "mentions": [5]}}, {"model": "projects.comment", "pk": 36, "fields": {"task": 18, "author": 5, "content": "@njoro\n", "created_at": "2025-03-06T11:09:51.211Z", "mentions": [2]}}, {"model": "projects.comment", "pk": 37, "fields": {"task": 8, "author": 2, "content": "@njoro, who created this task?", "created_at": "2025-03-30T16:50:25.740Z", "mentions": [2]}}, {"model": "projects.notification", "pk": 5, "fields": {"user": 2, "project": null, "task": 4, "notification_type": "project_added", "message": "You were mentioned in a comment: @njoro how are you", "is_read": false, "created_at": "2025-02-26T19:31:54.081Z"}}, {"model": "projects.notification", "pk": 33, "fields": {"user": 2, "project": null, "task": 3, "notification_type": "project_added", "message": "You were mentioned in a comment: @njoro ", "is_read": false, "created_at": "2025-03-03T13:23:54.781Z"}}, {"model": "projects.notification", "pk": 34, "fields": {"user": 6, "project": 9, "task": null, "notification_type": "role_changed", "message": "Your role in project 'Website Redesign' has been changed to Manager by peter.", "is_read": false, "created_at": "2025-03-06T10:28:27.424Z"}}, {"model": "projects.notification", "pk": 35, "fields": {"user": 2, "project": 11, "task": null, "notification_type": "role_changed", "message": "Your role in project 'Project A' has been changed to Team Member by peter.", "is_read": false, "created_at": "2025-03-06T11:09:01.450Z"}}, {"model": "projects.notification", "pk": 37, "fields": {"user": 2, "project": null, "task": 18, "notification_type": "project_added", "message": "You were mentioned in a comment: @njoro\n", "is_read": false, "created_at": "2025-03-06T11:09:51.376Z"}}, {"model": "projects.notification", "pk": 38, "fields": {"user": 2, "project": null, "task": 8, "notification_type": "project_added", "message": "You were mentioned in a comment: @njoro, who created this task?", "is_read": false, "created_at": "2025-03-30T16:50:25.795Z"}}, {"model": "projects.feature", "pk": 1, "fields": {"title": "Customizable dashboards", "description": "Personalize your dashboard to view the most relevant metrics and activities. Display key performance indicators (KPIs), project progress, and more.", "svg_icon": "", "icon_file": "", "is_active": true, "created_at": "2025-02-17T05:49:20.476Z", "updated_at": "2025-03-26T08:26:09.199Z"}}, {"model": "projects.feature", "pk": 2, "fields": {"title": "File Sharing", "description": "Upload and share documents, images, and other files within tasks and projects. Collaborate on files with your team directly from the platform.", "svg_icon": "", "icon_file": "", "is_active": true, "created_at": "2025-03-06T09:14:21.918Z", "updated_at": "2025-03-06T09:14:21.918Z"}}, {"model": "projects.feature", "pk": 3, "fields": {"title": "External Integrations", "description": "Integrate with third-party tools such as Slack, Google Drive, Trello, or GitHub to streamline workflows and enhance collaboration.", "svg_icon": "", "icon_file": "", "is_active": true, "created_at": "2025-03-06T09:15:01.901Z", "updated_at": "2025-03-06T09:15:01.901Z"}}, {"model": "projects.feature", "pk": 4, "fields": {"title": "Kanban Board", "description": "Use drag-and-drop Kanban boards to manage task statuses, organize workflow, and visualize project tasks in various stages (To Do, In Progress, Done).", "svg_icon": "", "icon_file": "", "is_active": true, "created_at": "2025-03-06T09:15:40.502Z", "updated_at": "2025-03-06T09:15:40.502Z"}}, {"model": "projects.feature", "pk": 5, "fields": {"title": "Notifications & Alerts", "description": "Stay informed with real-time notifications about task updates, due dates, and upcoming deadlines to ensure you never miss important events.", "svg_icon": "", "icon_file": "", "is_active": true, "created_at": "2025-03-06T09:16:25.625Z", "updated_at": "2025-03-06T09:16:25.625Z"}}, {"model": "projects.feature", "pk": 6, "fields": {"title": "Progress Tracking", "description": "Monitor the progress of tasks and projects using visual tools such as Gantt charts or Kanban boards. Stay updated on what's done, what's in progress, and what's yet to start.", "svg_icon": "", "icon_file": "", "is_active": true, "created_at": "2025-03-06T09:17:00.479Z", "updated_at": "2025-03-06T09:17:00.479Z"}}, {"model": "projects.feature", "pk": 7, "fields": {"title": "Project Management", "description": "Plan, monitor, and execute projects from start to finish. Assign projects to users, set deadlines, and manage team collaboration to ensure timely delivery.", "svg_icon": "", "icon_file": "", "is_active": true, "created_at": "2025-03-06T09:17:29.030Z", "updated_at": "2025-03-06T09:17:29.030Z"}}, {"model": "projects.feature", "pk": 8, "fields": {"title": "Project Timeline", "description": "Visualize your project’s timeline and milestones. Track progress across phases and ensure all tasks are completed on time.", "svg_icon": "", "icon_file": "", "is_active": true, "created_at": "2025-03-06T09:18:01.404Z", "updated_at": "2025-03-06T09:18:01.404Z"}}, {"model": "projects.feature", "pk": 9, "fields": {"title": "Recurring Tasks", "description": "Set tasks to repeat automatically based on your needs (e.g., daily, weekly, monthly), ensuring regular activities are always completed on time.", "svg_icon": "", "icon_file": "", "is_active": true, "created_at": "2025-03-06T09:18:32.505Z", "updated_at": "2025-03-06T09:18:32.505Z"}}, {"model": "projects.feature", "pk": 10, "fields": {"title": "Reports & Analytics", "description": "Generate performance reports and detailed analytics on project and task statuses, team productivity, and project health.", "svg_icon": "", "icon_file": "", "is_active": true, "created_at": "2025-03-06T09:19:07.950Z", "updated_at": "2025-03-06T09:19:07.950Z"}}, {"model": "projects.feature", "pk": 11, "fields": {"title": "Role-based Permissions", "description": "Set specific roles for team members (e.g., Admin, Manager, Team Member) to control access to different parts of the project management system.", "svg_icon": "", "icon_file": "", "is_active": true, "created_at": "2025-03-06T09:19:36.659Z", "updated_at": "2025-03-06T09:19:36.659Z"}}, {"model": "projects.feature", "pk": 12, "fields": {"title": "Search & Filters", "description": "Quickly find tasks, projects, or team members by searching for keywords or applying filters based on project status, priority, and due dates.", "svg_icon": "", "icon_file": "", "is_active": true, "created_at": "2025-03-06T09:20:05.183Z", "updated_at": "2025-03-06T09:20:05.183Z"}}, {"model": "projects.feature", "pk": 13, "fields": {"title": "Task Management", "description": "Organize and manage tasks efficiently. Create tasks, assign them to team members, set priorities, and track progress until completion.", "svg_icon": "", "icon_file": "", "is_active": true, "created_at": "2025-03-06T09:20:32.302Z", "updated_at": "2025-03-06T09:20:32.302Z"}}, {"model": "projects.feature", "pk": 14, "fields": {"title": "Task Prioritization", "description": "Set task priorities (high, medium, low) to ensure the most important tasks are completed first. Efficiently manage resources and time.", "svg_icon": "", "icon_file": "", "is_active": true, "created_at": "2025-03-06T09:20:56.789Z", "updated_at": "2025-03-06T09:20:56.790Z"}}, {"model": "projects.feature", "pk": 15, "fields": {"title": "Team Collaboration", "description": "Foster communication within your team. Comment on tasks, share files, and collaborate seamlessly across projects in real-time.", "svg_icon": "", "icon_file": "", "is_active": true, "created_at": "2025-03-06T09:21:44.478Z", "updated_at": "2025-03-06T09:21:44.479Z"}}, {"model": "projects.feature", "pk": 16, "fields": {"title": "Time Tracking", "description": "Log work hours for each task or project. Track how much time is spent on tasks and generate detailed reports for better resource management.", "svg_icon": "", "icon_file": "", "is_active": true, "created_at": "2025-03-06T09:22:15.002Z", "updated_at": "2025-03-06T09:22:15.002Z"}}, {"model": "projects.feature", "pk": 17, "fields": {"title": "User Management", "description": "Manage your team members by adding or removing users, assigning them roles, and tracking their participation in various projects and tasks.", "svg_icon": "", "icon_file": "", "is_active": true, "created_at": "2025-03-06T09:22:44.816Z", "updated_at": "2025-03-06T09:22:44.816Z"}}, {"model": "projects.feature", "pk": 18, "fields": {"title": "Calendar Integration", "description": "Sync tasks and deadlines with Google Calendar or any other external calendar service. Ensure all important dates are integrated into your daily schedule.", "svg_icon": "", "icon_file": "feature_icons/calendar-svgrepo-com.svg", "is_active": true, "created_at": "2025-03-06T09:23:14.210Z", "updated_at": "2025-03-26T08:25:11.557Z"}}, {"model": "projects.projectpermission", "pk": 1, "fields": {"project_role": 1, "can_create_tasks": true, "can_edit_tasks": true, "can_delete_tasks": true, "can_manage_members": true, "can_delete_files": true, "can_delete_project": true}}, {"model": "projects.projectpermission", "pk": 2, "fields": {"project_role": 2, "can_create_tasks": true, "can_edit_tasks": true, "can_delete_tasks": true, "can_manage_members": true, "can_delete_files": true, "can_delete_project": true}}, {"model": "projects.projectpermission", "pk": 3, "fields": {"project_role": 9, "can_create_tasks": true, "can_edit_tasks": true, "can_delete_tasks": true, "can_manage_members": true, "can_delete_files": true, "can_delete_project": true}}, {"model": "projects.projectpermission", "pk": 4, "fields": {"project_role": 10, "can_create_tasks": true, "can_edit_tasks": true, "can_delete_tasks": true, "can_manage_members": true, "can_delete_files": true, "can_delete_project": true}}, {"model": "projects.projectpermission", "pk": 5, "fields": {"project_role": 11, "can_create_tasks": true, "can_edit_tasks": true, "can_delete_tasks": true, "can_manage_members": true, "can_delete_files": true, "can_delete_project": true}}, {"model": "projects.projectpermission", "pk": 6, "fields": {"project_role": 12, "can_create_tasks": true, "can_edit_tasks": true, "can_delete_tasks": true, "can_manage_members": true, "can_delete_files": true, "can_delete_project": true}}, {"model": "projects.projectpermission", "pk": 7, "fields": {"project_role": 13, "can_create_tasks": true, "can_edit_tasks": true, "can_delete_tasks": true, "can_manage_members": true, "can_delete_files": true, "can_delete_project": true}}, {"model": "projects.projectpermission", "pk": 8, "fields": {"project_role": 14, "can_create_tasks": true, "can_edit_tasks": true, "can_delete_tasks": false, "can_manage_members": true, "can_delete_files": true, "can_delete_project": false}}, {"model": "projects.projectpermission", "pk": 9, "fields": {"project_role": 15, "can_create_tasks": true, "can_edit_tasks": true, "can_delete_tasks": true, "can_manage_members": true, "can_delete_files": true, "can_delete_project": true}}, {"model": "projects.projectpermission", "pk": 10, "fields": {"project_role": 16, "can_create_tasks": true, "can_edit_tasks": false, "can_delete_tasks": false, "can_manage_members": false, "can_delete_files": false, "can_delete_project": false}}, {"model": "projects.projectpermission", "pk": 11, "fields": {"project_role": 17, "can_create_tasks": true, "can_edit_tasks": true, "can_delete_tasks": true, "can_manage_members": true, "can_delete_files": true, "can_delete_project": true}}, {"model": "projects.projectrole", "pk": 1, "fields": {"user": 2, "project": 3, "role": 2, "permissions": null}}, {"model": "projects.projectrole", "pk": 2, "fields": {"user": 2, "project": 4, "role": 2, "permissions": null}}, {"model": "projects.projectrole", "pk": 9, "fields": {"user": 2, "project": 6, "role": 2, "permissions": null}}, {"model": "projects.projectrole", "pk": 10, "fields": {"user": 2, "project": 7, "role": 2, "permissions": null}}, {"model": "projects.projectrole", "pk": 11, "fields": {"user": 4, "project": 8, "role": 2, "permissions": null}}, {"model": "projects.projectrole", "pk": 12, "fields": {"user": 5, "project": 9, "role": 2, "permissions": null}}, {"model": "projects.projectrole", "pk": 13, "fields": {"user": 6, "project": 10, "role": 2, "permissions": null}}, {"model": "projects.projectrole", "pk": 14, "fields": {"user": 6, "project": 9, "role": 3, "permissions": null}}, {"model": "projects.projectrole", "pk": 15, "fields": {"user": 5, "project": 11, "role": 2, "permissions": null}}, {"model": "projects.projectrole", "pk": 16, "fields": {"user": 2, "project": 11, "role": 1, "permissions": null}}, {"model": "projects.projectrole", "pk": 17, "fields": {"user": 5, "project": 12, "role": 2, "permissions": null}}, {"model": "tasks.taskfile", "pk": 1, "fields": {"task": 2, "uploaded_by": 2, "file": "task_files/2023_term1.pdf", "uploaded_at": "2025-02-24T10:17:28.877Z"}}, {"model": "tasks.taskfile", "pk": 2, "fields": {"task": 2, "uploaded_by": 2, "file": "task_files/2.jpg", "uploaded_at": "2025-02-24T10:19:46.996Z"}}, {"model": "tasks.taskfile", "pk": 6, "fields": {"task": 7, "uploaded_by": 2, "file": "task_files/2_p77eIv3.jpg", "uploaded_at": "2025-02-24T11:03:24.765Z"}}, {"model": "tasks.taskfile", "pk": 7, "fields": {"task": 7, "uploaded_by": 2, "file": "task_files/20250212.jpg", "uploaded_at": "2025-02-24T11:18:12.973Z"}}, {"model": "tasks.taskfile", "pk": 8, "fields": {"task": 7, "uploaded_by": 2, "file": "task_files/2023.pdf", "uploaded_at": "2025-02-24T11:20:38.331Z"}}, {"model": "tasks.taskfile", "pk": 9, "fields": {"task": 7, "uploaded_by": 2, "file": "task_files/28236-368501609_C92UFwJ.mp4", "uploaded_at": "2025-02-24T11:31:11.248Z"}}, {"model": "tasks.taskfile", "pk": 13, "fields": {"task": 18, "uploaded_by": 5, "file": "task_files/1.jpg", "uploaded_at": "2025-03-06T11:10:28.857Z"}}, {"model": "admin.logentry", "pk": 1, "fields": {"action_time": "2025-02-17T05:49:20.518Z", "user": 2, "content_type": 7, "object_id": "1", "object_repr": "Customizable dashboards", "action_flag": 1, "change_message": "[{\"added\": {}}]"}}, {"model": "admin.logentry", "pk": 2, "fields": {"action_time": "2025-02-22T20:31:22.487Z", "user": 2, "content_type": 19, "object_id": "2", "object_repr": "Notifications for yvone - You were mentioned in a comment: @yvone could you ", "action_flag": 2, "change_message": "[{\"changed\": {\"fields\": [\"Message\", \"Is read\"]}}]"}}, {"model": "admin.logentry", "pk": 3, "fields": {"action_time": "2025-03-06T09:14:21.943Z", "user": 2, "content_type": 7, "object_id": "2", "object_repr": "File Sharing", "action_flag": 1, "change_message": "[{\"added\": {}}]"}}, {"model": "admin.logentry", "pk": 4, "fields": {"action_time": "2025-03-06T09:15:02.087Z", "user": 2, "content_type": 7, "object_id": "3", "object_repr": "External Integrations", "action_flag": 1, "change_message": "[{\"added\": {}}]"}}, {"model": "admin.logentry", "pk": 5, "fields": {"action_time": "2025-03-06T09:15:40.724Z", "user": 2, "content_type": 7, "object_id": "4", "object_repr": "Kanban Board", "action_flag": 1, "change_message": "[{\"added\": {}}]"}}, {"model": "admin.logentry", "pk": 6, "fields": {"action_time": "2025-03-06T09:16:25.652Z", "user": 2, "content_type": 7, "object_id": "5", "object_repr": "Notifications & Alerts", "action_flag": 1, "change_message": "[{\"added\": {}}]"}}, {"model": "admin.logentry", "pk": 7, "fields": {"action_time": "2025-03-06T09:17:00.595Z", "user": 2, "content_type": 7, "object_id": "6", "object_repr": "Progress Tracking", "action_flag": 1, "change_message": "[{\"added\": {}}]"}}, {"model": "admin.logentry", "pk": 8, "fields": {"action_time": "2025-03-06T09:17:29.046Z", "user": 2, "content_type": 7, "object_id": "7", "object_repr": "Project Management", "action_flag": 1, "change_message": "[{\"added\": {}}]"}}, {"model": "admin.logentry", "pk": 9, "fields": {"action_time": "2025-03-06T09:18:01.413Z", "user": 2, "content_type": 7, "object_id": "8", "object_repr": "Project Timeline", "action_flag": 1, "change_message": "[{\"added\": {}}]"}}, {"model": "admin.logentry", "pk": 10, "fields": {"action_time": "2025-03-06T09:18:32.571Z", "user": 2, "content_type": 7, "object_id": "9", "object_repr": "Recurring Tasks", "action_flag": 1, "change_message": "[{\"added\": {}}]"}}, {"model": "admin.logentry", "pk": 11, "fields": {"action_time": "2025-03-06T09:19:08.027Z", "user": 2, "content_type": 7, "object_id": "10", "object_repr": "Reports & Analytics", "action_flag": 1, "change_message": "[{\"added\": {}}]"}}, {"model": "admin.logentry", "pk": 12, "fields": {"action_time": "2025-03-06T09:19:36.670Z", "user": 2, "content_type": 7, "object_id": "11", "object_repr": "Role-based Permissions", "action_flag": 1, "change_message": "[{\"added\": {}}]"}}, {"model": "admin.logentry", "pk": 13, "fields": {"action_time": "2025-03-06T09:20:05.448Z", "user": 2, "content_type": 7, "object_id": "12", "object_repr": "Search & Filters", "action_flag": 1, "change_message": "[{\"added\": {}}]"}}, {"model": "admin.logentry", "pk": 14, "fields": {"action_time": "2025-03-06T09:20:32.400Z", "user": 2, "content_type": 7, "object_id": "13", "object_repr": "Task Management", "action_flag": 1, "change_message": "[{\"added\": {}}]"}}, {"model": "admin.logentry", "pk": 15, "fields": {"action_time": "2025-03-06T09:20:56.809Z", "user": 2, "content_type": 7, "object_id": "14", "object_repr": "Task Prioritization", "action_flag": 1, "change_message": "[{\"added\": {}}]"}}, {"model": "admin.logentry", "pk": 16, "fields": {"action_time": "2025-03-06T09:21:44.495Z", "user": 2, "content_type": 7, "object_id": "15", "object_repr": "Team Collaboration", "action_flag": 1, "change_message": "[{\"added\": {}}]"}}, {"model": "admin.logentry", "pk": 17, "fields": {"action_time": "2025-03-06T09:22:15.022Z", "user": 2, "content_type": 7, "object_id": "16", "object_repr": "Time Tracking", "action_flag": 1, "change_message": "[{\"added\": {}}]"}}, {"model": "admin.logentry", "pk": 18, "fields": {"action_time": "2025-03-06T09:22:44.825Z", "user": 2, "content_type": 7, "object_id": "17", "object_repr": "User Management", "action_flag": 1, "change_message": "[{\"added\": {}}]"}}, {"model": "admin.logentry", "pk": 19, "fields": {"action_time": "2025-03-06T09:23:14.225Z", "user": 2, "content_type": 7, "object_id": "18", "object_repr": "Calendar Integration", "action_flag": 1, "change_message": "[{\"added\": {}}]"}}, {"model": "admin.logentry", "pk": 20, "fields": {"action_time": "2025-03-06T09:40:14.764Z", "user": 2, "content_type": 2, "object_id": "3", "object_repr": "yvone", "action_flag": 3, "change_message": ""}}, {"model": "admin.logentry", "pk": 21, "fields": {"action_time": "2025-03-06T09:40:14.791Z", "user": 2, "content_type": 2, "object_id": "1", "object_repr": "chege", "action_flag": 3, "change_message": ""}}, {"model": "admin.logentry", "pk": 22, "fields": {"action_time": "2025-03-26T08:25:11.572Z", "user": 2, "content_type": 7, "object_id": "18", "object_repr": "Calendar Integration", "action_flag": 2, "change_message": "[{\"changed\": {\"fields\": [\"Icon file\"]}}]"}}, {"model": "admin.logentry", "pk": 23, "fields": {"action_time": "2025-03-26T08:26:09.444Z", "user": 2, "content_type": 7, "object_id": "1", "object_repr": "Customizable dashboards", "action_flag": 2, "change_message": "[{\"changed\": {\"fields\": [\"Svg icon\"]}}]"}}, {"model": "auth.permission", "pk": 1, "fields": {"name": "Can add role", "content_type": 1, "codename": "add_role"}}, {"model": "auth.permission", "pk": 2, "fields": {"name": "Can change role", "content_type": 1, "codename": "change_role"}}, {"model": "auth.permission", "pk": 3, "fields": {"name": "Can delete role", "content_type": 1, "codename": "delete_role"}}, {"model": "auth.permission", "pk": 4, "fields": {"name": "Can view role", "content_type": 1, "codename": "view_role"}}, {"model": "auth.permission", "pk": 5, "fields": {"name": "Can add user", "content_type": 2, "codename": "add_user"}}, {"model": "auth.permission", "pk": 6, "fields": {"name": "Can change user", "content_type": 2, "codename": "change_user"}}, {"model": "auth.permission", "pk": 7, "fields": {"name": "Can delete user", "content_type": 2, "codename": "delete_user"}}, {"model": "auth.permission", "pk": 8, "fields": {"name": "Can view user", "content_type": 2, "codename": "view_user"}}, {"model": "auth.permission", "pk": 9, "fields": {"name": "Can add project", "content_type": 3, "codename": "add_project"}}, {"model": "auth.permission", "pk": 10, "fields": {"name": "Can change project", "content_type": 3, "codename": "change_project"}}, {"model": "auth.permission", "pk": 11, "fields": {"name": "Can delete project", "content_type": 3, "codename": "delete_project"}}, {"model": "auth.permission", "pk": 12, "fields": {"name": "Can view project", "content_type": 3, "codename": "view_project"}}, {"model": "auth.permission", "pk": 13, "fields": {"name": "Can add team member", "content_type": 4, "codename": "add_teammember"}}, {"model": "auth.permission", "pk": 14, "fields": {"name": "Can change team member", "content_type": 4, "codename": "change_teammember"}}, {"model": "auth.permission", "pk": 15, "fields": {"name": "Can delete team member", "content_type": 4, "codename": "delete_teammember"}}, {"model": "auth.permission", "pk": 16, "fields": {"name": "Can view team member", "content_type": 4, "codename": "view_teammember"}}, {"model": "auth.permission", "pk": 17, "fields": {"name": "Can add task", "content_type": 5, "codename": "add_task"}}, {"model": "auth.permission", "pk": 18, "fields": {"name": "Can change task", "content_type": 5, "codename": "change_task"}}, {"model": "auth.permission", "pk": 19, "fields": {"name": "Can delete task", "content_type": 5, "codename": "delete_task"}}, {"model": "auth.permission", "pk": 20, "fields": {"name": "Can view task", "content_type": 5, "codename": "view_task"}}, {"model": "auth.permission", "pk": 21, "fields": {"name": "Can add comment", "content_type": 6, "codename": "add_comment"}}, {"model": "auth.permission", "pk": 22, "fields": {"name": "Can change comment", "content_type": 6, "codename": "change_comment"}}, {"model": "auth.permission", "pk": 23, "fields": {"name": "Can delete comment", "content_type": 6, "codename": "delete_comment"}}, {"model": "auth.permission", "pk": 24, "fields": {"name": "Can view comment", "content_type": 6, "codename": "view_comment"}}, {"model": "auth.permission", "pk": 25, "fields": {"name": "Can add Feature", "content_type": 7, "codename": "add_feature"}}, {"model": "auth.permission", "pk": 26, "fields": {"name": "Can change Feature", "content_type": 7, "codename": "change_feature"}}, {"model": "auth.permission", "pk": 27, "fields": {"name": "Can delete Feature", "content_type": 7, "codename": "delete_feature"}}, {"model": "auth.permission", "pk": 28, "fields": {"name": "Can view Feature", "content_type": 7, "codename": "view_feature"}}, {"model": "auth.permission", "pk": 29, "fields": {"name": "Can add project role", "content_type": 8, "codename": "add_projectrole"}}, {"model": "auth.permission", "pk": 30, "fields": {"name": "Can change project role", "content_type": 8, "codename": "change_projectrole"}}, {"model": "auth.permission", "pk": 31, "fields": {"name": "Can delete project role", "content_type": 8, "codename": "delete_projectrole"}}, {"model": "auth.permission", "pk": 32, "fields": {"name": "Can view project role", "content_type": 8, "codename": "view_projectrole"}}, {"model": "auth.permission", "pk": 33, "fields": {"name": "Can add project permission", "content_type": 9, "codename": "add_projectpermission"}}, {"model": "auth.permission", "pk": 34, "fields": {"name": "Can change project permission", "content_type": 9, "codename": "change_projectpermission"}}, {"model": "auth.permission", "pk": 35, "fields": {"name": "Can delete project permission", "content_type": 9, "codename": "delete_projectpermission"}}, {"model": "auth.permission", "pk": 36, "fields": {"name": "Can view project permission", "content_type": 9, "codename": "view_projectpermission"}}, {"model": "auth.permission", "pk": 37, "fields": {"name": "Can add sub task", "content_type": 10, "codename": "add_subtask"}}, {"model": "auth.permission", "pk": 38, "fields": {"name": "Can change sub task", "content_type": 10, "codename": "change_subtask"}}, {"model": "auth.permission", "pk": 39, "fields": {"name": "Can delete sub task", "content_type": 10, "codename": "delete_subtask"}}, {"model": "auth.permission", "pk": 40, "fields": {"name": "Can view sub task", "content_type": 10, "codename": "view_subtask"}}, {"model": "auth.permission", "pk": 41, "fields": {"name": "Can add task attachment", "content_type": 11, "codename": "add_taskattachment"}}, {"model": "auth.permission", "pk": 42, "fields": {"name": "Can change task attachment", "content_type": 11, "codename": "change_taskattachment"}}, {"model": "auth.permission", "pk": 43, "fields": {"name": "Can delete task attachment", "content_type": 11, "codename": "delete_taskattachment"}}, {"model": "auth.permission", "pk": 44, "fields": {"name": "Can view task attachment", "content_type": 11, "codename": "view_taskattachment"}}, {"model": "auth.permission", "pk": 45, "fields": {"name": "Can add task history", "content_type": 12, "codename": "add_taskhistory"}}, {"model": "auth.permission", "pk": 46, "fields": {"name": "Can change task history", "content_type": 12, "codename": "change_taskhistory"}}, {"model": "auth.permission", "pk": 47, "fields": {"name": "Can delete task history", "content_type": 12, "codename": "delete_taskhistory"}}, {"model": "auth.permission", "pk": 48, "fields": {"name": "Can view task history", "content_type": 12, "codename": "view_taskhistory"}}, {"model": "auth.permission", "pk": 49, "fields": {"name": "Can add task checklists", "content_type": 13, "codename": "add_taskchecklists"}}, {"model": "auth.permission", "pk": 50, "fields": {"name": "Can change task checklists", "content_type": 13, "codename": "change_taskchecklists"}}, {"model": "auth.permission", "pk": 51, "fields": {"name": "Can delete task checklists", "content_type": 13, "codename": "delete_taskchecklists"}}, {"model": "auth.permission", "pk": 52, "fields": {"name": "Can view task checklists", "content_type": 13, "codename": "view_taskchecklists"}}, {"model": "auth.permission", "pk": 53, "fields": {"name": "Can add log entry", "content_type": 14, "codename": "add_logentry"}}, {"model": "auth.permission", "pk": 54, "fields": {"name": "Can change log entry", "content_type": 14, "codename": "change_logentry"}}, {"model": "auth.permission", "pk": 55, "fields": {"name": "Can delete log entry", "content_type": 14, "codename": "delete_logentry"}}, {"model": "auth.permission", "pk": 56, "fields": {"name": "Can view log entry", "content_type": 14, "codename": "view_logentry"}}, {"model": "auth.permission", "pk": 57, "fields": {"name": "Can add permission", "content_type": 15, "codename": "add_permission"}}, {"model": "auth.permission", "pk": 58, "fields": {"name": "Can change permission", "content_type": 15, "codename": "change_permission"}}, {"model": "auth.permission", "pk": 59, "fields": {"name": "Can delete permission", "content_type": 15, "codename": "delete_permission"}}, {"model": "auth.permission", "pk": 60, "fields": {"name": "Can view permission", "content_type": 15, "codename": "view_permission"}}, {"model": "auth.permission", "pk": 61, "fields": {"name": "Can add group", "content_type": 16, "codename": "add_group"}}, {"model": "auth.permission", "pk": 62, "fields": {"name": "Can change group", "content_type": 16, "codename": "change_group"}}, {"model": "auth.permission", "pk": 63, "fields": {"name": "Can delete group", "content_type": 16, "codename": "delete_group"}}, {"model": "auth.permission", "pk": 64, "fields": {"name": "Can view group", "content_type": 16, "codename": "view_group"}}, {"model": "auth.permission", "pk": 65, "fields": {"name": "Can add content type", "content_type": 17, "codename": "add_contenttype"}}, {"model": "auth.permission", "pk": 66, "fields": {"name": "Can change content type", "content_type": 17, "codename": "change_contenttype"}}, {"model": "auth.permission", "pk": 67, "fields": {"name": "Can delete content type", "content_type": 17, "codename": "delete_contenttype"}}, {"model": "auth.permission", "pk": 68, "fields": {"name": "Can view content type", "content_type": 17, "codename": "view_contenttype"}}, {"model": "auth.permission", "pk": 69, "fields": {"name": "Can add session", "content_type": 18, "codename": "add_session"}}, {"model": "auth.permission", "pk": 70, "fields": {"name": "Can change session", "content_type": 18, "codename": "change_session"}}, {"model": "auth.permission", "pk": 71, "fields": {"name": "Can delete session", "content_type": 18, "codename": "delete_session"}}, {"model": "auth.permission", "pk": 72, "fields": {"name": "Can view session", "content_type": 18, "codename": "view_session"}}, {"model": "auth.permission", "pk": 73, "fields": {"name": "Can add notification", "content_type": 19, "codename": "add_notification"}}, {"model": "auth.permission", "pk": 74, "fields": {"name": "Can change notification", "content_type": 19, "codename": "change_notification"}}, {"model": "auth.permission", "pk": 75, "fields": {"name": "Can delete notification", "content_type": 19, "codename": "delete_notification"}}, {"model": "auth.permission", "pk": 76, "fields": {"name": "Can view notification", "content_type": 19, "codename": "view_notification"}}, {"model": "auth.permission", "pk": 77, "fields": {"name": "Can add task file", "content_type": 20, "codename": "add_taskfile"}}, {"model": "auth.permission", "pk": 78, "fields": {"name": "Can change task file", "content_type": 20, "codename": "change_taskfile"}}, {"model": "auth.permission", "pk": 79, "fields": {"name": "Can delete task file", "content_type": 20, "codename": "delete_taskfile"}}, {"model": "auth.permission", "pk": 80, "fields": {"name": "Can view task file", "content_type": 20, "codename": "view_taskfile"}}, {"model": "contenttypes.contenttype", "pk": 1, "fields": {"app_label": "Users", "model": "role"}}, {"model": "contenttypes.contenttype", "pk": 2, "fields": {"app_label": "Users", "model": "user"}}, {"model": "contenttypes.contenttype", "pk": 3, "fields": {"app_label": "projects", "model": "project"}}, {"model": "contenttypes.contenttype", "pk": 4, "fields": {"app_label": "projects", "model": "teammember"}}, {"model": "contenttypes.contenttype", "pk": 5, "fields": {"app_label": "projects", "model": "task"}}, {"model": "contenttypes.contenttype", "pk": 6, "fields": {"app_label": "projects", "model": "comment"}}, {"model": "contenttypes.contenttype", "pk": 7, "fields": {"app_label": "projects", "model": "feature"}}, {"model": "contenttypes.contenttype", "pk": 8, "fields": {"app_label": "projects", "model": "projectrole"}}, {"model": "contenttypes.contenttype", "pk": 9, "fields": {"app_label": "projects", "model": "projectpermission"}}, {"model": "contenttypes.contenttype", "pk": 10, "fields": {"app_label": "tasks", "model": "subtask"}}, {"model": "contenttypes.contenttype", "pk": 11, "fields": {"app_label": "tasks", "model": "taskattachment"}}, {"model": "contenttypes.contenttype", "pk": 12, "fields": {"app_label": "tasks", "model": "taskhistory"}}, {"model": "contenttypes.contenttype", "pk": 13, "fields": {"app_label": "tasks", "model": "taskchecklists"}}, {"model": "contenttypes.contenttype", "pk": 14, "fields": {"app_label": "admin", "model": "logentry"}}, {"model": "contenttypes.contenttype", "pk": 15, "fields": {"app_label": "auth", "model": "permission"}}, {"model": "contenttypes.contenttype", "pk": 16, "fields": {"app_label": "auth", "model": "group"}}, {"model": "contenttypes.contenttype", "pk": 17, "fields": {"app_label": "contenttypes", "model": "contenttype"}}, {"model": "contenttypes.contenttype", "pk": 18, "fields": {"app_label": "sessions", "model": "session"}}, {"model": "contenttypes.contenttype", "pk": 19, "fields": {"app_label": "projects", "model": "notification"}}, {"model": "contenttypes.contenttype", "pk": 20, "fields": {"app_label": "tasks", "model": "taskfile"}}, {"model": "sessions.session", "pk": "25ukxycb6mwb0g41xbc1oenty5jss0tl", "fields": {"session_data": ".eJxVjDsOwyAQBe9CHSEMrIGU6X0GxGc3OIlAMnYV5e6xJRdJ-2bmvZkP21r81nHxc2ZXJtnld4shPbEeID9CvTeeWl2XOfJD4SftfGoZX7fT_TsooZe9FhZGbQ0Y1COStJKIImICIKlAkNoBSEw5OaOFGJyKCskJlAMkhcg-X9tPN-c:1tyqiO:djhUnabOis_1AUzB4hVLYfvpUoBSRi2eDKEUoMoC9nw", "expire_date": "2025-04-13T11:20:32.083Z"}}, {"model": "sessions.session", "pk": "9zuycijhh97bay3trfdd1t4sc4dfztrq", "fields": {"session_data": ".eJxVjEEOwiAQRe_C2pAKBQaX7nsGMsNMpWpKUtqV8e7apAvd_vfef6mE21rS1mRJE6uLcur0uxHmh8w74DvOt6pznddlIr0r-qBND5XleT3cv4OCrXxrIAp5NCM4jEiChEa6EI3zLFGih55JAltwPri-Czn2ECATAlvr4azeHwwcOC8:1tq8SU:gMxMRb3mranB6CPbG2mny7XgcmIb_NnzRQ9z89Efe38", "expire_date": "2025-03-20T10:28:06.353Z"}}, {"model": "sessions.session", "pk": "a3nq5nwncrjvdhosqqbcevodmd1dti4p", "fields": {"session_data": ".eJxVjDsOwyAQBe9CHSEMrIGU6X0GxGc3OIlAMnYV5e6xJRdJ-2bmvZkP21r81nHxc2ZXJtnld4shPbEeID9CvTeeWl2XOfJD4SftfGoZX7fT_TsooZe9FhZGbQ0Y1COStJKIImICIKlAkNoBSEw5OaOFGJyKCskJlAMkhcg-X9tPN-c:1tyqwe:ZC10oUDoSqPmhR5vNeau7g5kiva5Q0ojUpURHbZO8wY", "expire_date": "2025-04-13T11:35:16.406Z"}}, {"model": "sessions.session", "pk": "c9ok48gxf0sehtkvrzjpj8kau9l7ahcd", "fields": {"session_data": ".eJxVjDsOwyAQBe9CHSEMrIGU6X0GxGc3OIlAMnYV5e6xJRdJ-2bmvZkP21r81nHxc2ZXJtnld4shPbEeID9CvTeeWl2XOfJD4SftfGoZX7fT_TsooZe9FhZGbQ0Y1COStJKIImICIKlAkNoBSEw5OaOFGJyKCskJlAMkhcg-X9tPN-c:1tzrkM:pAPhxE1cRdqqJf8c5PrukErtDULOW8OHfW6dZK2_VqU", "expire_date": "2025-04-16T06:38:46.770Z"}}, {"model": "sessions.session", "pk": "gxhzsirdgrgs6g9ya6d3w02snkq8nyv5", "fields": {"session_data": ".eJxVjMsOwiAQRf-FtSEDtDxcuvcbCDMDUjU0Ke3K-O_apAvd3nPOfYmYtrXGreclTizOwojT74aJHrntgO-p3WZJc1uXCeWuyIN2eZ05Py-H-3dQU6_fWhOjSd6ogQIQMgxpNMaNQBmcDUWh1U6FHEADQvbkrS-smNEVsEWL9wfcrTfH:1toGpn:mU8hJmSiQMYKQBn2sd004okRynUEcYiEAMaCe9cCmCI", "expire_date": "2025-03-15T07:00:27.146Z"}}, {"model": "sessions.session", "pk": "i7qg418cmtqlnftiag9g7b6kd1okx4sh", "fields": {"session_data": ".eJxVjDsOwyAQBe9CHSEMrIGU6X0GxGc3OIlAMnYV5e6xJRdJ-2bmvZkP21r81nHxc2ZXJtnld4shPbEeID9CvTeeWl2XOfJD4SftfGoZX7fT_TsooZe9FhZGbQ0Y1COStJKIImICIKlAkNoBSEw5OaOFGJyKCskJlAMkhcg-X9tPN-c:1tyxCD:oagO3Kj0DAMM5Ym-JwdxdwLrE-tdmSor07wVxgp8JtI", "expire_date": "2025-04-13T18:15:45.745Z"}}, {"model": "sessions.session", "pk": "i9rh2oc8kkl80fhf3fzybjnwzdtcoz49", "fields": {"session_data": ".eJxVjMsOwiAQRf-FtSFAebp07zeQGQakaiAp7cr479qkC93ec859sQjbWuM28hJnYmc2sdPvhpAeue2A7tBunafe1mVGviv8oINfO-Xn5XD_DiqM-q0DeJSOCKwE4XUJUzZCGmu1JKe8SCmRmoQpgF5ZLGiCL145LdGQloq9P9pWN24:1tlwBN:bucn3dTzpG7qg7sFCfi8-os4cHQayV0W9vB3xn9rudM", "expire_date": "2025-03-08T20:33:05.222Z"}}, {"model": "sessions.session", "pk": "pj1zt9nzsx65zrcebpxy1447glz9k6pe", "fields": {"session_data": ".eJxVjMsOwiAQRf-FtSFAebp07zeQGQakaiAp7cr479qkC93ec859sQjbWuM28hJnYmc2sdPvhpAeue2A7tBunafe1mVGviv8oINfO-Xn5XD_DiqM-q0DeJSOCKwE4XUJUzZCGmu1JKe8SCmRmoQpgF5ZLGiCL145LdGQloq9P9pWN24:1tkkwz:_P_oN_imLDAqLSFNmfgbmRqunweVxFjHRfh4HXo5BNo", "expire_date": "2025-03-05T14:21:21.841Z"}}, {"model": "sessions.session", "pk": "poq4cuy5olyxj8mk9j4s34vnhzg3zhme", "fields": {"session_data": ".eJxVjDsOwyAQBe9CHSEMrIGU6X0GxGc3OIlAMnYV5e6xJRdJ-2bmvZkP21r81nHxc2ZXJtnld4shPbEeID9CvTeeWl2XOfJD4SftfGoZX7fT_TsooZe9FhZGbQ0Y1COStJKIImICIKlAkNoBSEw5OaOFGJyKCskJlAMkhcg-X9tPN-c:1tzrRW:q8tb9rtPSolP_-wW3G2A-1i16ocRhM--LEUjitsd3Ko", "expire_date": "2025-04-16T06:19:18.010Z"}}, {"model": "sessions.session", "pk": "uuxvmq8z5dib5d9jrtqykpa72fgwyo9q", "fields": {"session_data": ".eJxVjDsOwyAQBe9CHSEMrIGU6X0GxGc3OIlAMnYV5e6xJRdJ-2bmvZkP21r81nHxc2ZXJtnld4shPbEeID9CvTeeWl2XOfJD4SftfGoZX7fT_TsooZe9FhZGbQ0Y1COStJKIImICIKlAkNoBSEw5OaOFGJyKCskJlAMkhcg-X9tPN-c:1txM0z:b_qZ7BuQ7DhPKF571lnAsketTfPx4Wvxqw_l4AyVuBc", "expire_date": "2025-04-09T08:21:33.624Z"}}, {"model": "sessions.session", "pk": "xxmkqo8xoq7ip6mf4nwgoa6d3lhdg7ww", "fields": {"session_data": ".eJxVjDsOwyAQBe9CHSEMrIGU6X0GxGc3OIlAMnYV5e6xJRdJ-2bmvZkP21r81nHxc2ZXJtnld4shPbEeID9CvTeeWl2XOfJD4SftfGoZX7fT_TsooZe9FhZGbQ0Y1COStJKIImICIKlAkNoBSEw5OaOFGJyKCskJlAMkhcg-X9tPN-c:1tykON:iprvbs6sgI1ofSAvw0MGqplQRWdDisKRx70tTAKtLh0", "expire_date": "2025-04-13T04:35:27.853Z"}}]